,摘要,关键词,第一章,第二章,第三章,第四章,第五章,第六章,总词频,加权得分
sc-fdma,0,0,1,4,1,0,0,0,6,0.80625
物理资源块,0,0,0,5,5,0,1,0,11,1.7125
时隙,0,0,0,22,41,0,5,1,69,11.268749999999999
资源格,0,0,0,3,0,0,0,0,3,0.375
子载波,0,0,1,10,10,10,4,0,35,5.725
频域,0,0,0,3,1,10,0,0,14,2.36875
sc-fdma符号,0,0,0,7,2,0,1,0,10,1.41875
物理资源格,0,0,0,2,0,0,0,0,2,0.25
物理资源,0,0,1,6,0,0,1,0,8,1.05625
rb,0,0,0,8,2,4,1,0,15,2.26875
时隙频带,0,0,0,1,0,0,0,0,1,0.125
pucch域,0,0,0,1,3,0,0,0,4,0.66875
资源块,0,0,0,1,0,2,0,0,3,0.4875
频分复用符号,0,0,0,1,0,0,0,0,1,0.125
单载波,0,0,0,1,0,0,0,0,1,0.125
物理资源映射映射,0,0,0,1,0,0,0,0,1,0.125
序号,0,0,0,1,0,0,0,0,1,0.125
资源单元,0,0,0,1,0,0,0,0,1,0.125
单元,0,0,0,1,0,0,0,0,1,0.125
td-lte,1,0,6,6,0,0,0,0,13,2.5
ls,0,0,0,1,0,1,0,0,2,0.30625
ym,0,0,0,1,0,0,0,0,1,0.125
bsc-fdm,0,0,0,1,0,0,0,0,1,0.125
符号,0,0,0,17,13,10,11,0,51,8.2875
长度,0,0,0,17,7,8,3,0,35,5.387499999999999
循环前缀,0,0,0,1,1,2,1,0,5,0.85
符号数,0,0,0,1,0,0,1,0,2,0.30625
上行链路带宽,0,0,0,1,0,0,0,0,1,0.125
协议,0,0,1,1,0,0,0,0,2,0.25
上行传输带宽,0,0,0,1,0,0,0,0,1,0.125
上行时隙,0,0,0,1,0,0,0,0,1,0.125
物理资源块数,0,0,0,1,0,0,0,0,1,0.125
resourceblock,0,0,0,1,0,0,0,0,1,0.125
tvf,0,0,0,1,0,0,0,0,1,0.125
时域,0,0,0,3,3,14,0,0,20,3.45625
传输信号,0,0,0,1,0,0,0,0,1,0.125
lte物理资源,0,0,0,1,0,0,0,0,1,0.125
函数,0,0,0,0,0,0,35,0,35,6.34375
pucchdt,0,0,0,0,0,0,3,0,3,0.54375
全局变量,0,0,0,0,0,0,18,0,18,3.2624999999999997
pucch域数,0,0,0,0,0,0,2,0,2,0.3625
天线,0,0,0,0,15,2,8,0,25,4.53125
参数,0,0,1,1,7,1,21,0,31,5.50625
xdetpara,0,0,0,0,0,0,2,0,2,0.3625
pucch,6,0,16,58,44,8,19,6,157,29.206249999999997
pucch检测,0,0,0,0,0,0,4,0,4,0.725
pucch检测接收模块,0,0,0,0,0,0,2,0,2,0.3625
返回值,0,0,0,0,0,0,7,0,7,1.26875
承载控制信息,0,0,0,0,0,0,1,0,1,0.18125
标志,0,0,0,0,0,0,1,0,1,0.18125
dtx,0,0,0,0,0,0,1,0,1,0.18125
标识,0,0,0,0,0,0,1,0,1,0.18125
ag,0,0,0,0,0,0,1,0,1,0.18125
控制信息数组,0,0,0,0,0,0,2,0,2,0.3625
调制,0,0,0,5,4,0,3,0,12,1.89375
modcode,0,0,0,0,0,0,2,0,2,0.3625
子帧信息结构体,0,0,0,0,0,0,1,0,1,0.18125
缓存索引,0,0,0,0,0,0,4,0,4,0.725
时隙号,0,0,0,2,0,0,4,0,6,0.975
uci长度,0,0,1,0,0,0,1,0,2,0.30625
模块控制信息,0,0,0,0,0,0,1,0,1,0.18125
datalnl,0,0,0,0,0,0,1,0,1,0.18125
pucchdtxflag,0,0,0,0,0,0,1,0,1,0.18125
datain,0,0,0,0,0,0,1,0,1,0.18125
dtxdetection,0,0,0,0,0,0,1,0,1,0.18125
uc,0,0,0,0,0,0,1,0,1,0.18125
函数原型,0,0,0,0,0,0,8,0,8,1.45
接收模块函数,0,0,0,0,0,0,1,0,1,0.18125
接收模块,0,0,0,0,0,0,1,0,1,0.18125
puccch检测,0,0,0,0,0,0,1,0,1,0.18125
检测接收,1,0,6,0,4,0,2,1,14,3.01875
发送端调制符号,0,0,0,0,0,0,1,0,1,0.18125
加扰调制模块,0,0,0,0,0,0,2,0,2,0.3625
接收,0,0,2,0,1,0,1,0,4,0.6125
子帧,0,0,0,18,0,10,14,0,42,6.6
无线帧,0,0,0,12,0,0,2,0,14,1.8625
特殊子帧,0,0,0,8,0,0,2,0,10,1.3625
uppts,0,0,0,10,0,3,2,0,15,2.15625
dwpts,0,0,0,5,0,0,0,0,5,0.625
帧结构,0,0,1,6,0,0,0,0,7,0.875
切换周期,0,0,0,4,0,0,0,0,4,0.5
常规循环前缀,0,0,0,5,0,0,0,0,5,0.625
半帧,0,0,0,4,0,1,0,0,5,0.68125
常规子帧,0,0,0,3,0,0,0,0,3,0.375
srs,6,0,17,36,0,28,26,4,117,23.1375
上行扩展循环前缀,0,0,0,2,0,0,0,0,2,0.25
pt,0,0,0,2,0,0,0,0,2,0.25
dwpt,0,0,0,2,0,0,0,0,2,0.25
特殊子帧配置,0,0,0,2,0,0,0,0,2,0.25
tdd模式,0,0,2,2,0,1,0,0,5,0.68125
切换次数,0,0,0,1,0,0,0,0,1,0.125
上下行,0,0,0,1,0,0,0,0,1,0.125
转换,0,0,0,1,1,0,0,0,2,0.30625
转换周期,0,0,0,1,0,0,0,0,1,0.125
转换次数,0,0,0,1,0,0,0,0,1,0.125
转换点,0,0,0,5,0,0,0,0,5,0.625
上下行业务,0,0,0,1,0,0,0,0,1,0.125
上下配比,0,0,0,1,0,0,0,0,1,0.125
频谱利用率,1,0,0,1,0,0,0,0,2,1.125
fdd,0,0,0,1,0,0,0,0,1,0.125
频谱配置,1,0,0,1,0,0,0,0,2,1.125
频段,0,0,0,1,0,1,0,0,2,0.30625
频谱资源,0,0,0,1,0,0,0,0,1,0.125
上下行切换周期,0,0,0,1,0,0,0,0,1,0.125
ltetdd模式,0,0,0,1,0,0,0,0,1,0.125
配置信息,0,0,0,1,0,1,0,0,2,0.30625
用户终端,0,0,3,1,0,0,0,0,4,0.5
上下行配置,0,0,0,1,0,0,0,0,1,0.125
保护间隔,0,0,0,1,0,0,0,0,1,0.125
信号,1,0,0,2,8,15,2,0,28,5.78125
srs信息,0,0,0,1,0,0,1,0,2,0.30625
上行传输,0,0,0,1,0,0,0,0,1,0.125
下行传输,0,0,0,1,0,0,0,0,1,0.125
上行,0,0,0,3,0,0,0,0,3,0.375
td-lte帧结构,0,0,0,1,0,0,0,0,1,0.125
gpuppts,0,0,0,1,0,0,0,0,1,0.125
子帧枷,0,0,0,1,0,0,0,0,1,0.125
半倾,0,0,0,1,0,0,0,0,1,0.125
帧结,0,0,0,1,0,0,0,0,1,0.125
持续时间,0,0,0,1,0,0,0,0,1,0.125
上行子帧,0,0,0,2,0,1,4,0,7,1.15625
下行子帧,0,0,0,1,0,0,1,0,2,0.30625
子帧结构,0,0,0,1,0,0,0,0,1,0.125
td-scdma,0,0,0,1,0,0,0,0,1,0.125
fdd模式,0,0,1,1,0,0,0,0,2,0.25
上下行物理信道,0,0,0,1,0,0,0,0,1,0.125
lte,1,0,8,4,2,0,1,1,17,3.225
发送端,0,0,0,0,17,0,0,0,17,3.08125
物理资源映射,0,0,3,6,2,0,2,1,14,2.03125
控制信息,1,0,1,16,10,1,1,1,31,5.481249999999999
检测接收算法,2,0,6,0,15,0,0,5,28,6.375
发送流程,0,0,0,0,2,0,0,0,2,0.3625
发送过程,0,0,1,0,1,0,0,0,2,0.30625
发送格,0,0,0,0,1,0,0,0,1,0.18125
模块,1,0,1,0,2,0,6,0,10,2.575
虚线,0,0,0,0,1,0,0,0,1,0.18125
opucch,0,0,0,0,1,0,0,0,1,0.18125
ifft,0,0,0,0,1,3,1,0,5,0.90625
解调参考信号,0,0,0,7,5,0,0,0,12,1.78125
扩频,0,0,0,0,1,0,0,0,1,0.18125
zc序列,0,0,0,16,10,2,9,0,37,5.80625
信道编码调制加扰,0,0,0,0,1,0,0,0,1,0.18125
比特,0,0,0,0,5,0,0,0,5,0.90625
csi,0,0,0,0,10,0,2,0,12,2.175
nack,1,0,1,1,1,0,1,0,5,1.6125
ack,0,0,1,0,2,0,1,0,4,0.66875
ue,1,0,1,7,1,2,1,0,13,2.725
加扰调制,0,0,0,0,1,0,1,0,2,0.3625
式控制信息,0,0,0,0,1,0,0,0,1,0.18125
检测算法,1,0,1,0,6,0,0,0,8,2.2125
pucch接收端,0,0,0,0,2,0,0,0,2,0.3625
编码,0,0,0,1,5,0,0,0,6,1.03125
密度,0,0,0,0,1,0,0,0,1,0.18125
参考信号,0,0,2,15,9,7,1,2,36,5.56875
接收端,0,0,0,0,29,1,0,1,31,5.6187499999999995
信道,0,0,7,4,28,17,1,1,58,9.893749999999999
接收信号,0,0,2,0,9,3,1,0,15,2.6062499999999997
接收数据,0,0,0,0,4,0,1,0,5,0.90625
似然比,0,0,2,0,8,0,0,0,10,1.7
发送信号,0,0,0,0,8,0,0,0,8,1.45
sx,0,0,0,0,2,0,0,0,2,0.3625
噪声方差,0,0,0,0,8,5,0,0,13,2.3562499999999997
扩频编码,0,0,0,0,2,0,0,0,2,0.3625
子载波间干扰,0,0,0,0,3,0,0,0,3,0.54375
zc扩频序列,0,0,0,0,2,0,0,0,2,0.3625
idft,0,0,0,0,3,0,0,0,3,0.54375
调制符号,0,0,0,2,4,0,0,0,6,0.975
信道冲击响应,0,0,3,0,22,3,0,1,29,5.0874999999999995
复杂度,1,0,4,0,8,0,0,1,14,3.1312499999999996
性能,0,0,2,1,13,7,1,1,25,4.3625
广义,1,0,3,0,7,0,0,0,11,2.64375
候选序列,0,0,0,0,1,0,0,0,1,0.18125
复数乘积,0,0,0,0,1,0,0,0,1,0.18125
qpsk调制符号,0,0,0,0,1,0,0,0,1,0.18125
qpsk调制,0,0,0,1,2,0,2,0,5,0.85
分集,0,0,0,0,1,0,0,0,1,0.18125
glrt,0,0,1,0,13,0,1,2,17,3.025
检测性能,1,0,2,0,7,0,0,1,11,2.7
干扰,0,0,0,0,8,0,0,0,8,1.45
噪声,0,0,2,0,22,12,0,0,36,6.4125
频域响应,0,0,0,0,1,2,0,0,3,0.54375
仿真,0,0,0,0,7,2,1,1,11,1.99375
表达式,0,0,0,0,3,0,0,0,3,0.54375
检测,0,0,1,0,3,0,0,0,4,0.66875
前算法,0,0,0,0,1,0,0,0,1,0.18125
一维矩阵,0,0,0,0,1,0,0,0,1,0.18125
因子载波,0,0,0,0,1,0,0,0,1,0.18125
pucch检测接收算法,0,0,1,0,3,0,0,0,4,0.66875
参量噪声,0,0,0,0,1,0,0,0,1,0.18125
微分求导,0,0,0,0,1,0,0,0,1,0.18125
似然估计法,0,0,0,0,1,0,0,0,1,0.18125
概率密度函数,0,0,0,0,3,0,0,0,3,0.54375
发送序列,0,0,0,0,16,0,1,1,18,3.2624999999999997
调制参考信号符号,0,0,0,0,1,0,0,0,1,0.18125
编码调制,0,0,0,0,1,0,0,0,1,0.18125
csi信息,0,0,0,1,3,0,0,0,4,0.66875
多用户间干扰,0,0,0,0,1,0,0,0,1,0.18125
低速,0,0,0,0,3,0,0,0,3,0.54375
正交序列时域,0,0,0,0,1,0,0,0,1,0.18125
接收端子载波,0,0,0,0,1,0,0,0,1,0.18125
le交序列,0,0,0,0,1,0,0,0,1,0.18125
重复编码,0,0,0,0,1,0,0,0,1,0.18125
冲击响应,0,0,0,0,3,6,0,0,9,1.6312499999999999
广义似然,1,0,0,0,4,0,0,0,5,1.725
算法,0,0,1,0,2,0,0,0,3,0.4875
复数乘,0,0,0,0,1,0,0,0,1,0.18125
复数加,0,0,0,0,1,0,0,0,1,0.18125
检测接收性能,0,0,1,0,1,0,0,0,2,0.30625
优化算法,0,0,0,0,1,0,0,0,1,0.18125
广义似然比,1,0,2,0,8,0,0,0,11,2.7
浮点运算,0,0,0,0,0,0,3,0,3,0.54375
定点,0,0,0,0,0,0,2,0,2,0.3625
c66xdsp,0,0,0,0,0,0,2,0,2,0.3625
isa,0,0,0,0,0,0,2,0,2,0.3625
芯片,0,0,0,0,0,0,2,0,2,0.3625
精度,0,0,0,0,0,0,1,0,1,0.18125
高性能器件,0,0,0,0,0,0,1,0,1,0.18125
指令,0,0,0,0,0,0,1,0,1,0.18125
tic66xdsp芯片,0,0,0,0,0,0,1,0,1,0.18125
c66x,0,0,0,0,0,0,1,0,1,0.18125
执行效率,0,0,0,0,0,0,1,0,1,0.18125
共享存储器,0,0,0,0,0,0,1,0,1,0.18125
统一存储器,0,0,0,0,0,0,1,0,1,0.18125
局域l2存储器,0,0,0,0,0,0,1,0,1,0.18125
局域l1存储器,0,0,0,0,0,0,1,0,1,0.18125
浮点,0,0,0,0,0,0,1,0,1,0.18125
双精度,0,0,0,0,0,0,1,0,1,0.18125
单精度,0,0,0,0,0,0,1,0,1,0.18125
处理内核,0,0,0,0,0,0,1,0,1,0.18125
指令集架构,0,0,0,0,0,0,1,0,1,0.18125
c64x+,0,0,0,0,0,0,1,0,1,0.18125
内核,0,0,0,0,0,0,1,0,1,0.18125
dsp,0,0,1,0,0,0,1,0,2,0.30625
数字信号处理器,0,0,0,0,0,0,1,0,1,0.18125
s320c66x,0,0,0,0,0,0,1,0,1,0.18125
德州仪器,0,0,0,0,0,0,1,0,1,0.18125
tms320c6670,0,0,3,0,0,0,2,0,5,0.7375
循环移位,0,0,0,19,0,0,5,0,24,3.28125
指针,0,0,0,0,0,0,10,0,10,1.8125
rb位置数组,0,0,0,0,0,0,1,0,1,0.18125
pucchprbidx,0,0,0,0,0,0,2,0,2,0.3625
时隙扰码数组,0,0,0,0,0,0,1,0,1,0.18125
lbh,0,0,0,0,0,0,1,0,1,0.18125
natl,0,0,0,0,0,0,1,0,1,0.18125
循环移位数组,0,0,0,0,0,0,2,0,2,0.3625
pucc1i,0,0,0,0,0,0,1,0,1,0.18125
pucchncs,0,0,0,0,0,0,2,0,2,0.3625
zc序列组序号,0,0,0,0,0,0,1,0,1,0.18125
hu,0,0,0,0,0,0,1,0,1,0.18125
pu,0,0,1,2,0,0,1,0,4,0.55625
用户链路级信息结构体,0,0,0,0,0,0,1,0,1,0.18125
ulphyrl,0,0,0,0,0,0,1,0,1,0.18125
子帧参数信息结构体,0,0,0,0,0,0,1,0,1,0.18125
pucchncellcs,0,0,0,0,0,0,1,0,1,0.18125
subthnbufldx,0,0,0,0,0,0,1,0,1,0.18125
ibt,0,0,0,0,0,0,1,0,1,0.18125
sn,0,0,0,0,0,0,1,0,1,0.18125
模块函数,0,0,0,0,0,0,3,0,3,0.54375
更新组号,0,0,0,0,0,0,1,0,1,0.18125
小区参数,0,0,0,0,0,0,2,0,2,0.3625
小区级参数,0,0,0,0,0,0,4,0,4,0.725
pucch映射,0,0,0,0,0,0,2,0,2,0.3625
组号,0,0,0,3,0,0,1,0,4,0.55625
小区,0,0,1,2,2,0,3,0,8,1.28125
zc序列参数计算模,0,0,0,0,0,0,1,0,1,0.18125
时间,0,0,1,0,0,0,3,0,4,0.66875
信道dsp,0,0,0,0,0,0,1,0,1,0.18125
模块功能,0,0,0,0,0,0,1,0,1,0.18125
ccs,0,0,0,0,0,0,3,0,3,0.54375
存储层级,0,0,0,0,0,0,1,0,1,0.18125
多核芯片,0,0,0,0,0,0,1,0,1,0.18125
相关值矩阵,0,0,0,0,9,0,0,0,9,1.6312499999999999
序列,0,0,0,4,13,0,0,0,17,2.8562499999999997
rm编码,0,0,0,0,9,0,2,0,11,1.99375
walsh码,0,0,0,0,7,0,0,0,7,1.26875
相关值,0,0,0,0,7,0,0,0,7,1.26875
二进制,0,0,0,0,6,0,0,0,6,1.0875
m矩阵,0,0,0,0,5,0,0,0,5,0.90625
接收序列,0,0,0,0,5,0,0,0,5,0.90625
rm译码,0,0,0,0,8,0,0,1,9,1.6312499999999999
解扰,0,0,0,0,5,0,0,0,5,0.90625
解调,0,0,0,0,6,0,0,0,6,1.0875
ls信道,0,0,0,0,8,6,0,1,15,2.71875
掩码序列,0,0,0,0,4,0,0,0,4,0.725
掩码,0,0,0,0,4,0,0,0,4,0.725
fht,0,0,0,0,6,0,0,2,8,1.45
哈达玛变换,0,0,3,0,4,0,0,0,7,1.1
csi长度,0,0,0,0,5,0,0,0,5,0.90625
解码序列,0,0,0,0,3,0,0,0,3,0.54375
rm编码矩阵,0,0,0,0,3,0,0,0,3,0.54375
汉明距离,0,0,0,0,3,0,0,0,3,0.54375
lte系统,0,0,1,1,3,1,0,0,6,0.975
矩阵,0,0,0,0,3,0,0,0,3,0.54375
相关,0,0,0,0,3,0,0,0,3,0.54375
掩码矢量,0,0,0,0,2,0,0,0,2,0.3625
交织,0,0,0,0,2,0,0,0,2,0.3625
基本掩码序列,0,0,0,0,2,0,0,0,2,0.3625
rm译码算法,0,0,1,0,5,0,0,0,6,1.03125
编码序列,0,0,0,0,2,0,0,0,2,0.3625
译码,0,0,0,0,3,0,0,0,3,0.54375
扰码序列,0,0,0,2,2,0,0,0,4,0.6125
加扰序列,0,0,0,0,2,0,0,0,2,0.3625
均衡,0,0,0,0,4,0,0,0,4,0.725
zc,0,0,0,1,3,0,2,0,6,1.03125
带宽,0,0,4,4,5,3,0,0,16,2.45
快速,0,0,1,0,2,0,0,0,3,0.4875
计算量,0,0,0,0,1,0,0,0,1,0.18125
映射关系,0,0,0,0,1,0,0,0,1,0.18125
rm译码映射,0,0,0,0,1,0,0,0,1,0.18125
关值,0,0,0,0,1,0,0,0,1,0.18125
索引,0,0,0,0,1,0,0,0,1,0.18125
模值,0,0,0,0,1,0,0,0,1,0.18125
相关值映射,0,0,0,0,1,0,0,0,1,0.18125
ifht蝶形图,0,0,0,0,1,0,0,0,1,0.18125
蝶形图,0,0,0,0,1,0,0,0,1,0.18125
ifht,0,0,0,0,1,0,0,0,1,0.18125
bfht,0,0,0,0,1,0,0,0,1,0.18125
解交织,0,0,0,0,1,0,0,0,1,0.18125
交织序列,0,0,0,0,1,0,0,0,1,0.18125
下划线符号,0,0,0,0,1,0,0,0,1,0.18125
点型,0,0,0,0,1,0,0,0,1,0.18125
交织顺序,0,0,0,0,1,0,0,0,1,0.18125
补零后序列,0,0,0,0,1,0,0,0,1,0.18125
rm编码序列,0,0,0,0,1,0,0,0,1,0.18125
输入序列,0,0,0,0,1,0,0,0,1,0.18125
rm矩阵,0,0,0,0,1,0,0,0,1,0.18125
高位扩展,0,0,0,0,1,0,0,0,1,0.18125
非周期,0,0,0,1,1,0,0,0,2,0.30625
编码矩阵,0,0,0,0,1,0,0,0,1,0.18125
译码算法,0,0,0,0,2,0,0,0,2,0.3625
性质,0,0,0,0,2,0,0,0,2,0.3625
哈达玛矩阵,0,0,0,0,1,0,0,0,1,0.18125
csi序列,0,0,0,0,3,0,0,0,3,0.54375
发送码字,0,0,0,0,1,0,0,0,1,0.18125
码字,0,0,0,0,1,0,0,0,1,0.18125
单极性序列,0,0,0,0,1,0,0,0,1,0.18125
解扰过程,0,0,0,0,1,0,0,0,1,0.18125
单极性,0,0,0,0,1,0,0,0,1,0.18125
全搜索译码算法,0,0,0,0,2,0,0,0,2,0.3625
全搜索译码,0,0,0,0,1,0,0,0,1,0.18125
初始化值,0,0,0,1,1,0,0,0,2,0.30625
gold码,0,0,0,1,1,0,2,0,4,0.66875
解调序列,0,0,0,0,1,0,0,0,1,0.18125
幅值,0,0,0,0,1,0,0,0,1,0.18125
软解调,0,0,0,0,1,0,0,0,1,0.18125
qpsk解调,0,0,0,0,2,0,0,0,2,0.3625
reed-muller编码比特块,0,0,0,0,1,0,0,0,1,0.18125
逆向流程,0,0,0,0,1,0,0,0,1,0.18125
兰相位,0,0,0,0,1,0,0,0,1,0.18125
nant11,0,0,0,0,1,0,0,0,1,0.18125
nant,0,0,0,0,1,0,0,0,1,0.18125
流程,0,0,0,0,1,0,1,0,2,0.3625
pucch均衡,0,0,0,0,1,0,0,0,1,0.18125
时隙2,0,0,0,0,1,0,0,0,1,0.18125
nack符号,0,0,0,0,1,0,0,0,1,0.18125
ack/,0,0,0,2,1,0,0,0,3,0.43125
支印,0,0,0,0,1,0,0,0,1,0.18125
近似信道,0,0,0,0,1,0,0,0,1,0.18125
共轴,0,0,0,0,3,0,0,0,3,0.54375
发送导频,0,0,0,0,1,0,0,0,1,0.18125
导频映射,0,0,0,0,1,0,0,0,1,0.18125
zc相关性,0,0,0,0,1,0,0,0,1,0.18125
导频信号,0,0,1,2,2,0,0,0,5,0.7375
计算流程,0,0,0,0,1,0,0,0,1,0.18125
频域冲击响应,0,0,0,0,1,1,0,0,2,0.3625
信道响应,0,0,0,0,1,4,0,0,5,0.90625
接收信息,0,0,0,0,2,0,0,0,2,0.3625
零自相关特性,0,0,0,0,1,0,0,0,1,0.18125
恒包络,0,0,0,0,1,0,0,0,1,0.18125
解资源映射,0,0,0,0,2,0,0,0,2,0.3625
信道估,0,0,1,0,3,0,0,0,4,0.66875
nacko,0,0,0,0,1,0,0,0,1,0.18125
ackvnack,0,0,0,1,1,0,0,0,2,0.30625
信道质量信息,0,0,0,1,1,0,0,0,2,0.30625
软比特解码算法,0,0,0,0,1,0,0,0,1,0.18125
软比特解码,0,0,0,0,1,0,0,0,1,0.18125
硬比特,0,0,0,0,1,0,0,0,1,0.18125
解码算法,0,0,0,0,2,0,0,0,2,0.3625
cqi信息,0,0,0,0,1,0,0,0,1,0.18125
rm译码检测,0,0,0,0,1,0,0,0,1,0.18125
uppts域,0,0,0,1,0,7,0,0,8,1.39375
srs传输,0,0,0,0,0,6,0,0,6,1.0875
探测参考信号,2,0,3,9,0,5,0,1,20,4.5875
rs,0,0,0,0,0,3,0,0,3,0.54375
isrs,0,0,0,0,0,3,0,0,3,0.54375
srs子帧偏移,0,0,0,0,0,3,0,0,3,0.54375
子帧配置,0,0,0,0,0,3,0,1,4,0.725
srs周期,0,0,0,0,0,2,0,0,2,0.3625
配置序号,0,0,0,0,0,2,0,0,2,0.3625
subframes,0,0,0,0,0,2,0,0,2,0.3625
周期,0,0,0,0,0,2,1,0,3,0.54375
tdd,0,0,1,0,0,2,0,0,3,0.4875
acknacksrs,0,0,0,0,0,2,0,0,2,0.3625
prach,0,0,0,0,0,2,0,0,2,0.3625
上行信道,0,0,2,5,0,4,0,0,11,1.6
用户链路级,0,0,0,0,0,1,0,0,1,0.18125
小区级,0,0,0,0,0,1,1,0,2,0.3625
子帧序号,0,0,0,0,0,1,0,0,1,0.18125
子帧偏移,0,0,0,0,0,1,0,0,1,0.18125
周期乌,0,0,0,0,0,1,0,0,1,0.18125
tsrs,0,0,0,0,0,1,0,0,1,0.18125
asrs,0,0,0,0,0,1,0,0,1,0.18125
传输周期,0,0,0,0,0,1,0,0,1,0.18125
srs资源,0,0,0,0,0,1,0,0,1,0.18125
srs配置序号,0,0,0,0,0,1,0,0,1,0.18125
配置周期,0,0,0,0,0,1,0,0,1,0.18125
属srs,0,0,0,0,0,1,0,0,1,0.18125
帧配置,0,0,0,0,0,1,0,0,1,0.18125
链路级,0,0,0,0,0,1,0,0,1,0.18125
传输偏移,0,0,0,0,0,1,0,0,1,0.18125
tspc,0,0,0,0,0,1,0,0,1,0.18125
二进制比特,0,0,0,0,0,1,0,0,1,0.18125
srs子帧,0,0,0,0,0,1,5,0,6,1.0875
ul子帧,0,0,0,0,0,1,0,0,1,0.18125
承载,0,0,2,0,0,1,0,0,3,0.43125
子帧偏移量,0,0,0,0,0,1,0,0,1,0.18125
fc,0,0,0,0,0,1,0,0,1,0.18125
子帧配置周期,0,0,0,0,0,1,0,0,1,0.18125
小区级子帧配置,0,0,0,0,0,1,0,0,1,0.18125
ue不传输srs,0,0,0,0,0,1,0,0,1,0.18125
上行系统,0,0,0,1,0,1,0,0,2,0.30625
前导格,0,0,0,0,0,1,0,0,1,0.18125
formatl,0,0,0,1,0,1,0,0,2,0.30625
ack/nack,0,0,0,1,1,1,0,0,3,0.4875
simultaneoustransmission,0,0,0,0,0,1,0,0,1,0.18125
mission,0,0,0,0,0,1,0,0,1,0.18125
simultaneous,0,0,0,0,0,1,0,0,1,0.18125
sch,0,0,0,5,0,1,0,0,6,0.80625
pusch,0,0,0,3,0,1,0,0,4,0.55625
重传,0,0,0,2,0,1,0,0,3,0.43125
传输块,0,0,0,0,0,1,0,0,1,0.18125
随机接入进程,0,0,0,0,0,1,0,0,1,0.18125
pusch传输,0,0,0,0,0,1,0,0,1,0.18125
随机接入响应,0,0,0,0,0,1,0,0,1,0.18125
发送,1,0,0,1,0,1,0,0,3,1.30625
信道探测,0,1,0,1,0,3,1,0,6,2.85
传输,0,0,0,1,0,1,0,0,2,0.30625
enodeb接收端,0,0,0,0,0,1,0,0,1,0.18125
发送周期,0,0,0,0,0,1,0,0,1,0.18125
srs探测,0,0,0,0,0,1,0,0,1,0.18125
enodeb,0,0,3,3,1,1,0,0,8,1.1125
接收端探测,0,0,0,0,0,1,0,0,1,0.18125
信息,0,0,1,1,0,1,2,0,5,0.79375
接收操,0,0,0,0,0,0,1,0,1,0.18125
复制序列,0,0,0,0,0,0,1,0,1,0.18125
gold扰码,0,0,0,0,0,0,1,0,1,0.18125
加扰,0,0,0,3,0,0,1,0,4,0.55625
调制复数序列,0,0,0,0,0,0,1,0,1,0.18125
reed-muller编码,0,0,0,0,0,0,1,0,1,0.18125
pucch传输格,0,0,0,0,0,0,1,0,1,0.18125
任务分配,0,0,0,0,0,0,1,0,1,0.18125
pucch单核dsp,0,0,0,0,0,0,1,0,1,0.18125
去zc,0,0,0,0,0,0,3,0,3,0.54375
zc序列组号,0,0,0,0,0,0,1,0,1,0.18125
pucch接收端检测接收算法,0,0,0,0,0,0,1,0,1,0.18125
数据符号,0,0,2,1,3,0,1,0,7,1.1
接收单核dsp,0,0,0,0,0,0,2,0,2,0.3625
基序列,0,0,0,7,0,0,0,0,7,0.875
zc基序列,0,0,0,10,0,0,1,0,11,1.43125
hopping,0,0,0,2,0,0,0,0,2,0.25
序列组,0,0,0,2,0,0,0,0,2,0.25
组内序号,0,0,0,3,0,0,0,0,3,0.375
dmrs,0,0,0,6,4,0,0,0,10,1.475
equence,0,0,0,1,0,0,0,0,1,0.125
基序列号,0,0,0,1,0,0,0,0,1,0.125
基序列组,0,0,0,1,0,0,0,0,1,0.125
终端,0,0,1,2,0,0,0,0,3,0.375
n&s,0,0,0,1,0,0,0,0,1,0.125
素数,0,0,0,1,0,0,0,0,1,0.125
g组号,0,0,0,1,0,0,0,0,1,0.125
zc根序列,0,0,0,1,0,0,0,0,1,0.125
伊伽,0,0,0,1,0,0,0,0,1,0.125
序列长度,0,0,0,2,0,0,0,0,2,0.25
srs序列,0,0,0,1,0,0,0,0,1,0.125
半盲检测算法,0,0,3,0,10,0,0,1,14,2.36875
信道估计,0,0,6,0,6,3,0,1,16,2.5625
噪声功率,0,0,0,0,2,2,0,0,4,0.725
半盲检信道,0,0,0,0,2,0,0,0,2,0.3625
占用率,0,0,0,0,2,0,0,0,2,0.3625
二进制比特序列,0,0,0,0,1,0,0,0,1,0.18125
检测值,0,0,0,0,1,0,0,0,1,0.18125
csi检测值,0,0,0,0,1,0,0,0,1,0.18125
相关系数,0,0,0,0,2,0,0,0,2,0.3625
nr根天线,0,0,0,0,1,0,0,0,1,0.18125
古石,0,0,0,0,1,0,0,0,1,0.18125
幅度,0,0,0,0,1,0,0,0,1,0.18125
加权系数,0,0,0,0,1,0,0,0,1,0.18125
接收机,0,0,0,0,1,0,0,0,1,0.18125
发射机,0,0,0,0,1,0,0,0,1,0.18125
多径散射,0,0,0,0,1,0,0,0,1,0.18125
多天线,0,0,0,0,1,0,0,0,1,0.18125
多天线技术,0,0,0,0,1,0,0,0,1,0.18125
iq,0,0,0,0,1,0,0,0,1,0.18125
自相关性,0,0,0,2,1,0,0,0,3,0.43125
接收端信号,0,0,0,0,1,2,0,0,3,0.54375
比特序列,0,0,0,0,1,0,0,0,1,0.18125
参考序列,0,0,0,0,1,0,0,0,1,0.18125
数据信息,1,0,0,0,1,0,0,0,2,1.18125
数据信号,0,0,0,0,1,0,0,0,1,0.18125
系数,0,0,0,0,1,0,0,0,1,0.18125
移动速度,0,0,0,0,1,0,0,0,1,0.18125
码率,0,0,0,0,1,0,0,0,1,0.18125
控制数据信号,0,0,0,0,1,0,0,0,1,0.18125
误码率,1,0,0,1,1,0,0,0,3,1.30625
接收算法,0,0,2,0,4,0,0,1,7,1.15625
解调解扰,0,0,0,0,2,0,0,0,2,0.3625
快速哈达玛变换,0,0,0,0,2,0,0,0,2,0.3625
半盲检测,1,0,3,0,1,0,0,1,6,1.7375
信噪比,1,0,4,0,4,26,12,2,49,9.475
干扰噪声,0,0,0,0,1,1,0,2,4,0.725
上行控制信道,1,0,2,2,0,0,0,2,7,1.8625
srs检测接收,0,0,2,0,0,0,0,1,3,0.43125
多核dsp,1,0,1,0,0,0,0,1,3,1.30625
vcfr,0,0,2,0,0,6,1,1,10,1.7
dft,0,0,4,1,1,7,0,1,14,2.2562499999999996
boumard,0,0,0,0,0,3,0,1,4,0.725
多核dsp平台,0,0,0,0,0,0,0,1,1,0.18125
glrt检测,0,0,0,0,1,0,0,1,2,0.3625
时隙干扰噪声,0,0,0,0,0,0,0,1,1,0.18125
跳频,0,0,0,1,0,0,0,1,2,0.30625
glrt算法,0,0,0,0,4,0,0,1,5,0.90625
检验值,0,0,0,0,0,0,0,1,1,0.18125
中间变量,0,0,0,0,1,0,0,1,2,0.3625
rm检测接收算法,0,0,0,0,0,0,0,1,1,0.18125
glrt检测接收算法,0,0,0,0,1,0,0,1,2,0.3625
rm译码接收算法,0,0,0,0,0,0,0,1,1,0.18125
资源映射,0,0,0,0,1,0,0,1,2,0.3625
映射,0,0,0,1,0,0,0,1,2,0.30625
移动通信系统,0,0,1,0,0,0,0,1,2,0.30625
srs带宽,0,0,0,10,0,1,0,0,11,1.43125
频分复用,0,0,0,3,0,0,0,0,3,0.375
上行带宽,0,0,0,3,0,0,0,0,3,0.375
码分复用,0,0,0,3,0,0,0,0,3,0.375
频率位置索引,0,0,0,2,0,0,0,0,2,0.25
csrs,0,0,0,2,0,0,0,0,2,0.25
时频映射,0,0,0,1,0,0,0,0,1,0.125
srs时隙,0,0,0,1,0,0,0,0,1,0.125
多用户,0,0,0,1,0,0,0,0,1,0.125
复用频谱传输,0,0,0,1,0,0,0,0,1,0.125
用户,0,0,2,1,0,0,1,0,4,0.55625
正交性,0,0,0,1,0,0,0,0,1,0.125
梳状导频,0,0,1,1,0,0,0,0,2,0.25
探测信号,0,0,0,1,0,0,0,0,1,0.125
质量,0,0,0,1,0,0,0,0,1,0.125
信道质量估,0,0,0,1,0,0,0,0,1,0.125
映射位,0,0,0,1,0,0,0,0,1,0.125
多用户复用,0,0,0,1,0,0,0,0,1,0.125
nsp,0,0,0,1,0,0,0,0,1,0.125
侦取,0,0,0,1,0,0,0,0,1,0.125
跳频带宽,0,0,0,1,0,0,0,0,1,0.125
transmissioncomb,0,0,0,1,0,0,0,0,1,0.125
心辭,0,0,0,1,0,0,0,0,1,0.125
uppt,0,0,0,1,0,0,0,0,1,0.125
频域起点,0,0,0,1,0,0,0,0,1,0.125
起始子载波位置,0,0,0,1,0,0,0,0,1,0.125
用户级参数,0,0,0,1,0,0,0,0,1,0.125
％s参数,0,0,0,1,0,0,0,0,1,0.125
srs带宽配置参数,0,0,0,1,0,0,0,0,1,0.125
配置集合,0,0,0,1,0,0,0,0,1,0.125
基站,1,0,0,4,0,2,0,0,7,1.8625
srsn,0,0,0,1,0,0,0,0,1,0.125
msrst0,0,0,0,1,0,0,0,0,1,0.125
srs带宽配置,0,0,0,1,0,0,0,0,1,0.125
哈踏,0,0,0,1,0,0,0,0,1,0.125
上行带寛,0,0,0,1,0,0,0,0,1,0.125
发射功率密度,0,0,0,1,0,0,0,0,1,0.125
发射功率,0,0,0,1,0,0,0,0,1,0.125
损耗,0,0,0,1,0,0,0,0,1,0.125
上行路径,0,0,0,1,0,0,0,0,1,0.125
质量测量,0,0,0,1,0,0,0,0,1,0.125
发送带宽,0,0,0,1,0,0,0,0,1,0.125
发送功率,0,0,0,1,2,0,0,0,3,0.4875
数组,0,0,0,0,0,0,3,0,3,0.54375
qpsktable,0,0,0,0,0,0,2,0,2,0.3625
相位,0,0,0,0,0,0,1,0,1,0.18125
qpsk,0,0,0,4,0,0,1,0,5,0.68125
uci序列,0,0,0,0,0,0,1,0,1,0.18125
fl,0,0,0,0,0,0,1,0,1,0.18125
subfrmbufidx,0,0,0,0,0,0,1,0,1,0.18125
csi加扰调制模块,0,0,0,0,0,0,1,0,1,0.18125
调制后序列,0,0,0,0,0,0,1,0,1,0.18125
uci,0,0,0,1,0,0,1,0,2,0.30625
存储,0,0,0,0,0,0,1,0,1,0.18125
rmtable,0,0,0,0,0,0,1,0,1,0.18125
扰码,0,0,0,0,0,0,1,0,1,0.18125
22a2b,0,0,0,0,0,0,1,0,1,0.18125
matlab仿真验,0,0,0,0,1,0,0,0,1,0.18125
检验算法,0,0,0,0,1,0,0,0,1,0.18125
解调接收算法,0,0,0,0,1,0,0,0,1,0.18125
先验,0,0,0,0,1,0,0,0,1,0.18125
信道模型,1,0,0,0,4,2,0,0,7,2.0875
仿真性能,0,0,0,0,2,0,0,0,2,0.3625
3pucch检测算法,0,0,0,0,1,0,0,0,1,0.18125
时隙噪声,0,0,0,0,4,0,0,0,4,0.725
均衡检测算法,0,0,0,0,3,0,0,0,3,0.54375
导频估计,0,0,0,0,3,0,0,0,3,0.54375
位置参数,0,0,0,0,2,0,0,0,2,0.3625
半盲检,1,0,0,0,2,0,0,0,3,1.3625
误码块率,1,0,0,0,2,0,0,0,3,1.3625
传统算法,0,0,0,0,2,0,0,0,2,0.3625
似然函数,0,0,2,0,16,0,0,0,18,3.15
发送序列检测,0,0,0,0,1,0,0,0,1,0.18125
jy,0,0,0,0,1,0,0,0,1,0.18125
4比特csi,0,0,0,0,1,0,0,0,1,0.18125
运算复杂度,0,0,1,0,2,0,0,0,3,0.4875
相干算法,0,0,0,0,1,0,0,0,1,0.18125
接收数据维度,0,0,0,0,1,0,0,0,1,0.18125
子载波接收信号,0,0,0,0,1,0,0,0,1,0.18125
复数乘运算数量,0,0,0,0,1,0,0,0,1,0.18125
检测算,0,0,0,0,1,0,0,0,1,0.18125
lte协议,0,0,0,0,1,0,0,0,1,0.18125
rb噪声,0,0,0,0,1,0,0,0,1,0.18125
均衡检测算,0,0,0,0,1,0,0,0,1,0.18125
导频,1,0,0,0,1,0,0,0,2,1.18125
性能增益,0,0,0,0,1,0,0,0,1,0.18125
信道状态信息,1,0,0,0,1,1,0,0,3,1.3625
快速衰落条件,0,0,0,0,1,0,0,0,1,0.18125
同频干扰,0,0,0,0,1,0,0,0,1,0.18125
频带边缘,0,0,0,0,1,0,0,0,1,0.18125
频率分集,0,0,0,0,1,0,0,0,1,0.18125
mse,0,0,0,0,1,0,0,0,1,0.18125
均方误差,0,0,0,0,1,0,0,0,1,0.18125
检测误比特率,0,0,0,0,1,0,0,0,1,0.18125
解调接收检测算法,0,0,0,0,1,0,0,0,1,0.18125
传统解调接收,0,0,0,0,1,0,0,0,1,0.18125
evv,0,0,0,0,1,0,0,0,1,0.18125
常规解调接收,0,0,0,0,1,0,0,0,1,0.18125
lb仿真,0,0,0,0,1,0,0,0,1,0.18125
td-lte系统,1,0,9,3,0,0,0,0,13,2.5
多核数字信号处理器,0,0,2,0,0,0,0,0,2,0.25
承载信息,0,0,2,0,0,0,0,0,2,0.25
耗时,0,0,1,0,0,0,0,0,1,0.125
vcfr信道,1,0,1,0,0,6,2,0,10,2.575
主流信道,0,0,1,0,0,0,0,0,1,0.125
信噪比估计,1,0,1,0,0,1,0,0,3,1.30625
仿真验证,0,0,1,0,1,0,0,0,2,0.30625
工程,0,0,2,0,0,0,0,0,2,0.25
导频符号,0,0,1,0,1,0,0,0,2,0.30625
reed-muller译码,0,0,1,0,0,0,0,0,1,0.125
物理层帧结构,0,0,1,0,0,0,0,0,1,0.125
绪论,0,0,1,0,0,0,0,0,1,0.125
70,0,0,1,0,1,0,0,0,2,0.30625
s320c,0,0,1,0,0,0,0,0,1,0.125
运算复杂,0,0,1,0,0,0,0,0,1,0.125
发送信号序列,0,0,1,0,0,0,0,0,1,0.125
信号检测,0,0,1,0,0,0,0,0,1,0.125
似然比检测算法,1,0,1,0,0,0,0,0,2,1.125
译码检测接收算法,0,0,1,0,0,0,0,0,1,0.125
rm,0,0,1,0,0,0,0,0,1,0.125
reed-muller,0,0,1,0,1,0,0,0,2,0.30625
探测,0,0,1,0,0,0,0,0,1,0.125
dsp平台,1,0,0,0,0,0,6,0,7,2.0875
运行时间,0,0,0,0,0,0,6,0,6,1.0875
matlab仿真平台,0,0,0,0,0,0,3,0,3,0.54375
控制信息长度,0,0,0,1,0,0,2,0,3,0.4875
4bitcsi,0,0,0,0,0,0,2,0,2,0.3625
ibitack,0,0,0,0,0,0,2,0,2,0.3625
syml3,0,0,0,0,0,0,3,0,3,0.54375
仿真平台,0,0,0,0,0,0,3,0,3,0.54375
测试,0,0,0,0,0,0,2,0,2,0.3625
4bit控制信息,0,0,0,0,0,0,1,0,1,0.18125
format2,0,0,0,1,0,0,1,0,2,0.30625
格式,0,0,0,0,1,0,1,0,2,0.3625
ibit控制信息,0,0,0,0,0,0,1,0,1,0.18125
formatia,0,0,0,0,0,0,1,0,1,0.18125
symlo,0,0,0,0,0,0,1,0,1,0.18125
sym6,0,0,0,0,0,0,1,0,1,0.18125
sym3,0,0,0,0,0,0,2,0,2,0.3625
接收结,0,0,0,0,0,0,1,0,1,0.18125
符号间隙,0,0,0,0,0,0,1,0,1,0.18125
节点,0,0,0,0,0,0,1,0,1,0.18125
时间统,0,0,0,0,0,0,1,0,1,0.18125
行时间,0,0,0,0,0,0,1,0,1,0.18125
测量节点,0,0,0,0,0,0,1,0,1,0.18125
pucch数据,0,0,0,0,0,0,1,0,1,0.18125
分块,0,0,0,0,0,0,1,0,1,0.18125
定点化处理,0,0,0,0,0,0,1,0,1,0.18125
dsp模块,0,0,0,0,0,0,1,0,1,0.18125
空心圆,0,0,0,0,0,0,1,0,1,0.18125
星型点,0,0,0,0,0,0,1,0,1,0.18125
虚部,0,0,0,0,0,0,1,0,1,0.18125
实部,0,0,0,0,0,0,1,0,1,0.18125
复数数据,0,0,0,0,0,0,1,0,1,0.18125
平台符号,0,0,0,0,0,0,1,0,1,0.18125
硬件平台,0,0,0,0,0,0,1,0,1,0.18125
定点化模块,0,0,0,0,0,0,1,0,1,0.18125
matlab,1,0,0,0,0,0,2,0,3,1.3625
功能模块,0,0,0,0,0,0,1,0,1,0.18125
前端数据,0,0,0,0,0,0,1,0,1,0.18125
pucch单元,0,0,0,0,0,0,1,0,1,0.18125
解前端处,0,0,0,0,0,0,1,0,1,0.18125
信道质量,1,0,0,1,0,2,0,0,4,1.4875
频率资源调度,0,0,0,0,0,1,0,0,1,0.18125
频域资源,0,0,0,0,0,1,0,0,1,0.18125
信道延时,0,0,0,0,0,1,0,0,1,0.18125
上行探测参考信号,0,0,0,0,0,1,0,0,1,0.18125
srs信道探测技术,0,0,0,0,0,1,0,0,1,0.18125
传输模式,1,0,0,5,0,0,0,0,6,1.625
比特块,0,0,0,4,0,0,0,0,4,0.5
ri,0,0,0,4,0,0,0,0,4,0.5
资源,0,0,0,4,0,0,0,0,4,0.5
pucch格式,0,0,0,4,0,0,0,0,4,0.5
cch,0,0,0,2,0,0,0,0,2,0.25
正交序列,0,0,0,2,2,0,0,0,4,0.6125
循环移位序列,0,0,0,3,0,0,0,0,3,0.375
比特数,0,0,0,2,0,0,0,0,2,0.25
上报模式,0,0,0,2,0,0,0,0,2,0.25
cqi,0,0,0,2,0,0,0,0,2,0.25
非周期上报,0,0,0,2,0,0,0,0,2,0.25
重传数据,0,0,0,2,0,0,0,0,2,0.25
harq反馈信息,0,0,0,2,0,0,0,0,2,0.25
nack信息,0,0,0,2,0,0,0,0,2,0.25
信令,0,0,0,2,0,0,0,0,2,0.25
上行无线资源,0,0,0,2,0,0,0,0,2,0.25
上行控制信息,0,0,0,2,1,0,0,0,3,0.43125
调制符号刀,0,0,0,1,0,0,0,0,1,0.125
mbit,0,0,0,1,0,0,0,0,1,0.125
比特流,0,0,0,1,0,0,0,0,1,0.125
nsmod,0,0,0,1,0,0,0,0,1,0.125
botherwise,0,0,0,1,0,0,0,0,1,0.125
od,0,0,0,1,0,0,0,0,1,0.125
资源指示,0,0,0,1,0,0,0,0,1,0.125
复值符号序列,0,0,0,1,0,0,0,0,1,0.125
复值调制符号块,0,0,0,1,0,0,0,0,1,0.125
c-rnti,0,0,0,1,0,0,0,0,1,0.125
rnh,0,0,0,1,0,0,0,0,1,0.125
扰码比特块片,0,0,0,1,0,0,0,0,1,0.125
reedmuller,0,0,0,1,0,0,0,0,1,0.125
qi,0,0,0,1,0,0,0,0,1,0.125
csi比特,0,0,0,1,0,0,0,0,1,0.125
传输质量,0,0,0,1,0,0,0,0,1,0.125
指示信道,0,0,0,1,0,0,0,0,1,0.125
映射符号,0,0,0,1,0,0,0,0,1,0.125
炒奶,0,0,0,1,0,0,0,0,1,0.125
lb,0,0,0,1,0,0,0,0,1,0.125
mod,0,0,0,1,0,0,0,0,1,0.125
ded,0,0,0,1,0,0,0,0,1,0.125
normalcp2,0,0,0,1,0,0,0,0,1,0.125
黑cch,0,0,0,1,0,0,0,0,1,0.125
正交序列索引,0,0,0,1,0,0,0,0,1,0.125
资源索引,0,0,0,1,0,0,0,0,1,0.125
短pucch,0,0,0,1,0,0,0,0,1,0.125
子载波数,0,0,0,1,0,1,0,0,2,0.30625
块扩频,0,0,0,1,0,0,0,0,1,0.125
复值符号块,0,0,0,1,0,0,0,0,1,0.125
环移位a,0,0,0,1,0,0,0,0,1,0.125
循环移位序列卷,0,0,0,1,0,0,0,0,1,0.125
调制复值符号,0,0,0,1,0,0,0,0,1,0.125
复值符号,0,0,0,1,0,0,0,0,1,0.125
mbn,0,0,0,1,0,0,0,0,1,0.125
la/lb,0,0,0,1,0,0,0,0,1,0.125
山珈,0,0,0,1,0,0,0,0,1,0.125
比特信息,0,0,0,1,0,0,0,0,1,0.125
发送信息,0,0,0,1,0,0,0,0,1,0.125
伪随机序列,0,0,0,1,0,0,0,0,1,0.125
循环移位值,0,0,0,1,0,0,0,0,1,0.125
sk,0,0,0,1,0,0,0,0,1,0.125
ps,0,0,0,1,0,0,0,0,1,0.125
lbqpsk,0,0,0,1,0,0,0,0,1,0.125
pucch格式调制,0,0,0,1,0,0,0,0,1,0.125
传输格式,0,0,0,1,0,0,0,0,1,0.125
3pucch,0,0,0,1,1,0,0,0,2,0.30625
pucch格,0,0,0,1,0,0,0,0,1,0.125
子带,0,0,0,1,0,0,0,0,1,0.125
子带cqi,0,0,0,1,0,0,0,0,1,0.125
宽带cqi,0,0,0,1,0,0,0,0,1,0.125
pucch周期,0,0,0,1,0,0,0,0,1,0.125
cqi-reporting,0,0,0,1,0,0,0,0,1,0.125
间隔,0,0,0,1,0,0,0,0,1,0.125
非周期cqlpmi,0,0,0,1,0,0,0,0,1,0.125
数据传输速率,0,0,0,1,0,0,0,0,1,0.125
抵抗干扰,0,0,0,1,0,0,0,0,1,0.125
小区容量,0,0,0,1,0,0,0,0,1,0.125
分集增益,0,0,0,1,0,0,0,0,1,0.125
高速环境,0,0,0,1,0,0,0,0,1,0.125
传输场合,0,0,0,1,0,0,0,0,1,0.125
周期上报,0,0,0,1,0,0,0,0,1,0.125
周期性,0,0,0,1,0,0,0,0,1,0.125
上报格,0,0,0,1,0,0,0,0,1,0.125
pml,0,0,0,1,0,0,0,0,1,0.125
预编码指示器,0,0,0,1,0,0,0,0,1,0.125
秩指示器,0,0,0,1,0,0,0,0,1,0.125
mimo传输,0,0,0,1,0,0,0,0,1,0.125
信道质量指示器,0,0,0,1,0,0,0,0,1,0.125
ue端,0,0,0,1,0,0,0,0,1,0.125
下行数据,0,0,0,1,0,0,0,0,1,0.125
冗余版本,0,0,0,1,0,0,0,0,1,0.125
错误帧,0,0,0,1,0,0,0,0,1,0.125
ack信息,0,0,0,1,0,0,0,0,1,0.125
反馈信息资源,0,0,0,1,0,0,0,0,1,0.125
harq,0,0,0,1,0,0,0,0,1,0.125
数据,0,0,0,2,0,0,0,0,2,0.25
解调pd,0,0,0,1,0,0,0,0,1,0.125
ck,0,0,0,1,1,0,0,0,2,0.30625
pucc,0,0,0,1,0,0,0,0,1,0.125
ack7nack信息,0,0,0,1,0,0,0,0,1,0.125
双码字,0,0,0,1,0,0,0,0,1,0.125
单码字,0,0,0,1,0,0,0,0,1,0.125
harq应答,0,0,0,1,0,0,0,0,1,0.125
混合自动重传请求,0,0,0,1,0,0,0,0,1,0.125
数量,0,0,0,1,0,0,0,0,1,0.125
网络端,0,0,0,1,0,0,0,0,1,0.125
调度算,0,0,0,1,0,0,0,0,1,0.125
sr请求,0,0,0,1,0,0,0,0,1,0.125
sr触发请求,0,0,0,1,0,0,0,0,1,0.125
缓冲状态报告,0,0,0,1,0,0,0,0,1,0.125
上行调度请求,0,0,0,1,0,0,0,0,1,0.125
传输信息,0,0,0,1,0,0,0,0,1,0.125
上行数据,0,0,0,2,0,0,0,0,2,0.25
数据块,0,0,0,1,0,0,0,0,1,0.125
下行波束,0,0,0,1,0,0,0,0,1,0.125
定时估计,0,0,1,1,0,0,0,0,2,0.25
功率控制,0,0,0,1,0,0,0,0,1,0.125
频率调度,0,0,0,1,0,0,0,0,1,0.125
上行数据信道,0,0,0,1,0,0,0,0,1,0.125
信道质量探测,0,0,0,1,0,0,0,0,1,0.125
e行信道,0,0,0,1,0,0,0,0,1,0.125
数据解调,0,0,0,1,0,0,0,0,1,0.125
srsbufldx,0,0,0,0,0,0,4,0,4,0.725
srsuserln,0,0,0,0,0,0,3,0,3,0.54375
radioframenum,0,0,0,0,0,0,2,0,2,0.3625
subframenum,0,0,0,0,0,0,2,0,2,0.3625
srs长度,0,0,0,0,0,2,9,0,11,1.99375
srslength,0,0,0,0,0,0,2,0,2,0.3625
起始子载波,0,0,0,0,0,0,2,0,2,0.3625
srsscidx,0,0,0,0,0,0,2,0,2,0.3625
srs参数,0,0,0,0,0,0,2,0,2,0.3625
srs缓存索引,0,0,0,0,0,0,2,0,2,0.3625
无线帧号,0,0,0,0,0,0,2,0,2,0.3625
子帧号,0,0,0,0,0,0,4,0,4,0.725
em,0,0,0,0,0,0,1,0,1,0.18125
scid,0,0,0,0,0,0,1,0,1,0.18125
算函数,0,0,0,0,0,0,1,0,1,0.18125
srs子载波映射,0,0,0,0,0,0,1,0,1,0.18125
srs信号,0,0,0,0,0,0,1,0,1,0.18125
srs信道探测模块,0,0,0,0,0,0,2,0,2,0.3625
子载波位置,0,0,0,0,0,0,1,0,1,0.18125
rs子载波映射,0,0,0,0,0,0,1,0,1,0.18125
radiofrainen,0,0,0,0,0,0,2,0,2,0.3625
用户级,0,0,0,0,0,0,2,0,2,0.3625
lag,0,0,0,0,0,0,1,0,1,0.18125
ame,0,0,0,0,0,0,2,0,2,0.3625
用户参数,0,0,0,0,0,0,1,0,1,0.18125
用户链路级参数,0,0,0,0,0,0,1,0,1,0.18125
ul,0,0,0,0,0,0,1,0,1,0.18125
subframen,0,0,0,0,0,0,1,0,1,0.18125
nie,0,0,0,0,0,0,1,0,1,0.18125
paraincal,0,0,0,0,0,0,1,0,1,0.18125
级子帧偏移,0,0,0,0,0,0,1,0,1,0.18125
倍数,0,0,0,0,0,0,1,0,1,0.18125
子集,0,0,0,0,0,0,1,0,1,0.18125
配置,0,0,0,0,0,0,1,0,1,0.18125
srs传输周期,0,0,0,0,0,0,1,0,1,0.18125
srs子帧配置,0,0,0,0,0,0,1,0,1,0.18125
参数计算模,0,0,0,0,0,0,1,0,1,0.18125
用户级子帧偏移判断,0,0,0,0,0,0,1,0,1,0.18125
信号数组,0,0,0,0,0,0,2,0,2,0.3625
pnelemtable,0,0,0,0,0,0,2,0,2,0.3625
symno,0,0,0,0,0,0,2,0,2,0.3625
处理流程,0,0,0,0,2,0,1,0,3,0.54375
ata,0,0,0,0,0,0,1,0,1,0.18125
pucchzce,0,0,0,0,0,0,1,0,1,0.18125
cc,0,0,0,0,0,0,1,0,1,0.18125
rb数组,0,0,0,0,0,0,1,0,1,0.18125
相位数组,0,0,0,0,0,0,1,0,1,0.18125
zc基序列元素,0,0,0,0,0,0,1,0,1,0.18125
pnphasetable,0,0,0,0,0,0,1,0,1,0.18125
子帧配置信息,0,0,0,0,0,0,1,0,1,0.18125
解前端,0,0,0,0,0,0,1,0,1,0.18125
ronto,0,0,0,0,0,0,1,0,1,0.18125
subfirnbufldx,0,0,0,0,0,0,1,0,1,0.18125
frmbufldx,0,0,0,0,0,0,1,0,1,0.18125
id,0,0,0,0,0,0,1,0,1,0.18125
cdecorr,0,0,0,0,0,0,1,0,1,0.18125
zc共轴序列,0,0,0,0,0,0,1,0,1,0.18125
符号终端,0,0,0,0,0,0,1,0,1,0.18125
合并模块,0,0,0,0,0,0,1,0,1,0.18125
zc相关,0,0,0,0,0,0,1,0,1,0.18125
去噪比例,0,0,0,0,0,1,0,0,1,0.18125
算法性能,0,0,0,0,0,1,0,0,1,0.18125
去噪比例系数,0,0,0,0,0,1,0,0,1,0.18125
计算法,0,0,0,0,0,1,0,0,1,0.18125
噪声方差算法,0,0,0,0,0,1,0,0,1,0.18125
测量,0,0,0,0,0,1,0,0,1,0.18125
epc,0,0,5,0,0,0,0,0,5,0.625
3gpp,0,0,4,0,0,0,0,0,4,0.5
网络,0,0,3,0,0,0,0,0,3,0.375
umts,0,0,3,0,0,0,0,0,3,0.375
逻辑节点,0,0,2,0,0,0,0,0,2,0.25
pgw,0,0,2,0,0,0,0,0,2,0.25
拓扑结构,0,0,2,0,0,0,0,0,2,0.25
epc网元,0,0,2,0,0,0,0,0,2,0.25
eps承载,0,0,2,0,0,0,0,0,2,0.25
e-utran,0,0,2,0,0,0,0,0,2,0.25
扁平化,0,0,2,0,0,0,0,0,2,0.25
系统,0,0,2,0,1,0,0,0,3,0.43125
速率,0,0,2,0,0,0,0,0,2,0.25
延时,0,0,2,0,0,0,0,0,2,0.25
多业务,0,0,2,0,0,0,0,0,2,0.25
互联网,0,0,2,0,0,0,0,0,2,0.25
移动通信,1,0,2,0,0,0,0,0,3,1.25
隧道协议,0,0,1,0,0,0,0,0,1,0.125
ip数据包,0,0,1,0,0,0,0,0,1,0.125
全ip网络,0,0,1,0,0,0,0,0,1,0.125
计费规则功能,0,0,1,0,0,0,0,0,1,0.125
策略控制,0,0,1,0,0,0,0,0,1,0.125
服务器,0,0,1,0,0,0,0,0,1,0.125
mme,0,0,1,0,0,0,0,0,1,0.125
移动性管理实体,0,0,1,0,0,0,0,0,1,0.125
sgw,0,0,1,0,0,0,0,0,1,0.125
业务网关,0,0,1,0,0,0,0,0,1,0.125
pdn网关,0,0,1,0,0,0,0,0,1,0.125
lte网络架构,0,0,1,0,0,0,0,0,1,0.125
网页浏览,0,0,1,0,0,0,0,0,1,0.125
语音通信,0,0,1,0,0,0,0,0,1,0.125
用户设备,0,0,1,0,0,0,0,0,1,0.125
v6ip,0,0,1,0,0,0,0,0,1,0.125
pdn,0,0,1,0,0,0,0,0,1,0.125
公共数据网,0,0,1,0,0,0,0,0,1,0.125
ip连接,0,0,1,0,0,0,0,0,1,0.125
演进分组系统,0,0,1,0,0,0,0,0,1,0.125
sae,0,0,1,0,0,0,0,0,1,0.125
enodeb网络,0,0,1,0,0,0,0,0,1,0.125
接入网,0,0,1,0,0,0,0,0,1,0.125
移动通信系统网络,0,0,1,0,0,0,0,0,1,0.125
网络架构,0,0,1,0,0,0,0,0,1,0.125
nodeb,0,0,1,0,0,0,0,0,1,0.125
rnc,0,0,1,0,0,0,0,0,1,0.125
hspa-evolution,0,0,1,0,0,0,0,0,1,0.125
e-utran网络,0,0,1,0,0,0,0,0,1,0.125
e-utran结构,0,0,1,0,0,0,0,0,1,0.125
小区无线资源管理,0,0,1,0,0,0,0,0,1,0.125
无线资源控制,0,0,1,0,0,0,0,0,1,0.125
arq,0,0,1,0,0,0,0,0,1,0.125
成本,0,0,1,0,0,0,0,0,1,0.125
时延,0,0,1,0,0,0,0,0,1,0.125
减小,0,0,1,0,0,0,0,0,1,0.125
分散化,0,0,1,0,0,0,0,0,1,0.125
olte网络,0,0,1,0,0,0,0,0,1,0.125
接入技术,0,0,1,0,0,0,0,0,1,0.125
lte-advanced,0,0,1,0,0,0,0,0,1,0.125
高铁环境,0,0,1,0,0,0,0,0,1,0.125
连续覆盖,0,0,1,0,0,0,0,0,1,0.125
系统网络,0,0,1,0,0,0,0,0,1,0.125
4g网络,0,0,1,0,0,0,0,0,1,0.125
移动,0,0,1,0,0,0,0,0,1,0.125
服务质量,0,0,1,0,0,0,0,0,1,0.125
系统吞吐量,0,0,1,0,0,0,0,0,1,0.125
快速无线资源调度,0,0,1,0,0,0,0,0,1,0.125
频率,0,0,1,1,0,0,0,0,2,0.25
用户吞吐量,0,0,1,0,0,0,0,0,1,0.125
小ix,0,0,1,0,0,0,0,0,1,0.125
分组域业务,0,0,1,0,0,0,0,0,1,0.125
信道对称性,0,0,1,0,0,0,0,0,1,0.125
r6hsupa,0,0,1,0,0,0,0,0,1,0.125
上行频谱效率,0,0,1,0,0,0,0,0,1,0.125
r6hsdpa,0,0,1,0,0,0,0,0,1,0.125
下行频谱效率,0,0,1,0,0,0,0,0,1,0.125
ofdma技,0,0,1,0,0,0,0,0,1,0.125
3gpplte,0,0,1,0,0,0,0,0,1,0.125
功耗,0,0,1,0,0,0,0,0,1,0.125
移动性,0,0,1,0,0,0,0,0,1,0.125
频谱,0,0,1,0,0,0,0,0,1,0.125
频谱效率,0,0,1,0,0,0,0,0,1,0.125
比特率,0,0,1,0,0,0,0,0,1,0.125
小区边界,0,0,1,0,0,0,0,0,1,0.125
用户数据传输速率,0,0,1,0,0,0,0,0,1,0.125
连接,0,0,1,0,0,0,0,0,1,0.125
ofdm技术,0,0,1,0,0,0,0,0,1,0.125
空中接口,0,0,1,0,0,0,0,0,1,0.125
语音业务,0,0,1,0,0,0,0,0,1,0.125
业务,0,0,1,0,0,0,0,0,1,0.125
gsm,0,0,1,0,0,0,0,0,1,0.125
通佶系统,0,0,1,0,0,0,0,0,1,0.125
移动通信技术,0,0,1,0,0,0,0,0,1,0.125
互联网技术,0,0,1,0,0,0,0,0,1,0.125
科技,0,0,1,0,0,0,0,0,1,0.125
人类社会,0,0,1,0,0,0,0,0,1,0.125
lte技术,0,0,1,0,0,0,0,0,1,0.125
准4g技术,0,0,1,0,0,0,0,0,1,0.125
3g技术,0,0,1,0,0,0,0,0,1,0.125
gsm系统,0,0,1,0,0,0,0,0,1,0.125
合作伙伴,0,0,1,0,0,0,0,0,1,0.125
通用移动通信系统,0,0,1,0,0,0,0,0,1,0.125
universalmobiletelecomsystem,0,0,1,0,0,0,0,0,1,0.125
移动通信lte系统,0,0,1,0,0,0,0,0,1,0.125
ccs5,0,0,0,0,0,0,3,0,3,0.54375
dsp开发,0,0,0,0,0,0,2,0,2,0.3625
集成开发环境,0,0,0,0,0,0,2,0,2,0.3625
代码性能数据,0,0,0,0,0,0,1,0,1,0.18125
cycle数,0,0,0,0,0,0,1,0,1,0.18125
应用程序,0,0,0,0,0,0,1,0,1,0.18125
代码优化,0,0,0,0,0,0,1,0,1,0.18125
代码性能,0,0,0,0,0,0,1,0,1,0.18125
ccs分析器,0,0,0,0,0,0,1,0,1,0.18125
硬件断点,0,0,0,0,0,0,1,0,1,0.18125
条件断点,0,0,0,0,0,0,1,0,1,0.18125
全局断点,0,0,0,0,0,0,1,0,1,0.18125
多核,0,0,0,0,0,0,1,0,1,0.18125
多核dsp芯片,0,0,0,0,0,0,1,0,1,0.18125
dsp开,0,0,0,0,0,0,1,0,1,0.18125
ccs集成,0,0,0,0,0,0,1,0,1,0.18125
开发环境,0,0,0,0,0,0,1,0,1,0.18125
插件,0,0,0,0,0,0,1,0,1,0.18125
oeclipse开源框架,0,0,0,0,0,0,1,0,1,0.18125
开源软件,0,0,0,0,0,0,1,0,1,0.18125
实时分析,0,0,0,0,0,0,1,0,1,0.18125
跟踪,0,0,0,0,0,0,1,0,1,0.18125
可执行代码生成工具,0,0,0,0,0,0,1,0,1,0.18125
代码调试工具,0,0,0,0,0,0,1,0,1,0.18125
源代码编辑工具,0,0,0,0,0,0,1,0,1,0.18125
环境配置,0,0,0,0,0,0,1,0,1,0.18125
编译环境,0,0,0,0,0,0,1,0,1,0.18125
设备,0,0,0,0,0,0,1,0,1,0.18125
ti,0,0,0,0,0,0,1,0,1,0.18125
codecomposerstudio,0,0,0,0,0,0,1,0,1,0.18125
仿真参数,0,0,0,0,1,3,0,0,4,0.725
dft算法,0,0,2,0,0,4,0,0,6,0.975
eva70,0,0,0,0,0,2,0,0,2,0.3625
dft信道,0,0,0,0,0,5,0,0,5,0.90625
天花板效应,0,0,0,0,0,1,0,0,1,0.18125
误差,0,0,0,0,1,2,0,0,3,0.54375
能量泄露,0,0,0,0,0,1,0,0,1,0.18125
样点,0,0,0,0,0,1,0,0,1,0.18125
多径能量,0,0,0,0,0,3,0,0,3,0.54375
整数点,0,0,0,0,0,1,0,0,1,0.18125
多径信道,0,0,0,0,0,2,0,0,2,0.3625
epa5,0,0,0,0,0,1,0,0,1,0.18125
6srs长度,0,0,0,0,0,1,0,0,1,0.18125
5srs,0,0,0,0,0,1,0,0,1,0.18125
boumard's算法,0,0,0,0,0,1,0,0,1,0.18125
eva70信道,0,0,0,0,0,1,0,0,1,0.18125
比例系数,0,0,0,0,0,3,0,0,3,0.54375
滤除噪声,0,0,0,0,0,1,0,0,1,0.18125
性能仿真,1,0,0,0,1,1,0,0,3,1.3625
子载波长度,0,0,0,0,0,1,0,0,1,0.18125
eva,0,0,0,0,0,1,0,0,1,0.18125
epa5hz,0,0,0,0,0,1,0,0,1,0.18125
evv70hz,0,0,0,0,0,1,0,0,1,0.18125
仿真值,0,0,0,0,0,1,0,0,1,0.18125
仿真验,0,0,0,0,1,1,0,0,2,0.3625
序列移位样式,0,0,0,3,0,0,0,0,3,0.375
跳转样式,0,0,0,3,0,0,0,0,3,0.375
组内序列跳转,0,0,0,2,0,0,0,0,2,0.25
互相关性,0,0,0,2,0,0,0,0,2,0.25
小区id,0,0,0,1,0,0,0,0,1,0.125
移位样式,0,0,0,1,0,0,0,0,1,0.125
序列组跳转开关,0,0,0,1,0,0,0,0,1,0.125
组跳转样式,0,0,0,1,0,0,0,0,1,0.125
组序号,0,0,0,1,0,0,0,0,1,0.125
zc序列组跳转,0,0,0,1,0,0,0,0,1,0.125
边缘,0,0,0,1,1,0,0,0,2,0.30625
ejanr,0,0,0,1,0,0,0,0,1,0.125
信号序列,0,0,0,1,0,0,0,0,1,0.125
同步信号,0,0,0,1,0,0,0,0,1,0.125
码分复用序列,0,0,0,1,0,0,0,0,1,0.125
主同步信号,0,0,0,1,0,0,0,0,1,0.125
随机接入信号,0,0,0,1,0,0,0,0,1,0.125
虚子载波,0,0,1,0,0,7,0,0,8,1.39375
cfr,0,0,0,0,0,5,0,0,5,0.90625
频域信道,0,0,0,0,0,5,0,0,5,0.90625
窗函数,0,0,0,0,0,4,0,0,4,0.725
边缘效应,0,0,2,0,0,4,0,0,6,0.975
去噪,0,0,0,0,0,4,0,0,4,0.725
噪声分量,0,0,0,0,0,4,0,0,4,0.725
能量,0,0,0,0,0,4,0,0,4,0.725
采样点,0,0,0,0,0,4,0,0,4,0.725
时域信道,0,0,0,0,0,4,0,0,4,0.725
boumard算法,0,0,1,0,0,4,0,0,5,0.85
功率,0,0,0,0,2,4,0,0,6,1.0875
cir,0,0,0,0,0,3,0,0,3,0.54375
冲激响应,0,0,0,0,0,3,0,0,3,0.54375
虚子载波扩展,0,0,0,0,0,3,0,0,3,0.54375
平滑滤波,0,0,0,0,0,3,0,0,3,0.54375
去噪门限,0,0,0,0,0,3,0,0,3,0.54375
频带,0,0,0,0,1,2,0,0,3,0.54375
dft转换,0,0,0,0,0,2,0,0,2,0.3625
时域去噪,0,0,0,0,0,2,0,0,2,0.3625
频域加窗,0,0,0,0,0,2,0,0,2,0.3625
加窗函数,0,0,0,0,0,2,0,0,2,0.3625
hdft,0,0,0,0,0,2,0,0,2,0.3625
噪声去除,0,0,0,0,0,2,0,0,2,0.3625
cp长度,0,0,0,0,0,2,0,0,2,0.3625
fft,0,0,0,0,0,2,1,0,3,0.54375
信噪,0,0,0,0,0,2,0,0,2,0.3625
噪声影响,0,0,0,0,0,2,0,0,2,0.3625
高斯白噪声,0,0,0,0,0,2,0,0,2,0.3625
慢衰落信道,0,0,1,0,0,2,0,0,3,0.4875
上行传输质量,0,0,0,0,0,2,0,0,2,0.3625
vcfr噪声处理流程,0,0,0,0,0,1,0,0,1,0.18125
频域冲击响应长度,0,0,0,0,0,1,0,0,1,0.18125
分布,0,0,0,0,2,1,0,0,3,0.54375
声分量,0,0,0,0,0,1,0,0,1,0.18125
频域噪声分量,0,0,0,0,0,1,0,0,1,0.18125
域扩展,0,0,0,0,0,1,0,0,1,0.18125
载波信道,0,0,0,0,0,1,0,0,1,0.18125
渐变,0,0,0,0,0,1,0,0,1,0.18125
时域低通,0,0,0,0,0,1,0,0,1,0.18125
nvc,0,0,0,0,0,1,0,0,1,0.18125
cnac,0,0,0,0,0,1,0,0,1,0.18125
载波扩展,0,0,0,0,0,1,0,0,1,0.18125
去窗,0,0,0,0,0,1,0,0,1,0.18125
庞广阵,0,0,0,0,0,1,0,0,1,0.18125
去噪处理,0,0,0,0,0,1,0,0,1,0.18125
vc,0,0,0,0,0,1,0,0,1,0.18125
尾端去噪门限,0,0,0,0,0,1,0,0,1,0.18125
maxpowernoise,0,0,0,0,0,1,0,0,1,0.18125
正伽砂冲膈辺,0,0,0,0,0,1,0,0,1,0.18125
首端去噪门限,0,0,0,0,0,1,0,0,1,0.18125
效径,0,0,0,0,0,1,0,0,1,0.18125
晶皿,0,0,0,0,0,1,0,0,1,0.18125
hdeno,0,0,0,0,0,1,0,0,1,0.18125
ld,0,0,0,0,0,1,0,0,1,0.18125
力助力,0,0,0,0,0,1,0,0,1,0.18125
vin,0,0,0,0,0,1,0,0,1,0.18125
数学表达,0,0,0,0,0,1,0,0,1,0.18125
去噪过程,0,0,0,0,0,1,0,0,1,0.18125
差异化去噪策略,0,0,0,0,0,1,0,0,1,0.18125
时域冲击响应,0,0,0,0,0,1,0,0,1,0.18125
时域变换域,0,0,0,0,0,1,0,0,1,0.18125
频域信号,0,0,0,0,1,1,0,0,2,0.3625
信道冲激响应,0,0,0,0,0,1,0,0,1,0.18125
离散傅里叶反变换,0,0,0,0,0,1,0,0,1,0.18125
加窗,0,0,0,0,0,1,0,0,1,0.18125
虚信道,0,0,0,0,0,1,0,0,1,0.18125
nac,0,0,0,0,0,1,0,0,1,0.18125
点数,0,0,0,0,0,1,1,0,2,0.3625
信道信息,0,0,0,0,0,1,0,0,1,0.18125
频域加窗处理,0,0,0,0,0,1,0,0,1,0.18125
信道系数,0,0,0,0,0,1,0,0,1,0.18125
线性虚子载波,0,0,1,0,0,1,0,0,2,0.30625
虚子载波信道系数,0,0,0,0,0,1,0,0,1,0.18125
线性,0,0,0,0,0,1,0,0,1,0.18125
扩展处信道系数,0,0,0,0,0,1,0,0,1,0.18125
扩展子载波,0,0,0,0,0,1,0,0,1,0.18125
虚频域信道,0,0,0,0,0,1,0,0,1,0.18125
cfr边缘,0,0,0,0,0,1,0,0,1,0.18125
fft变,0,0,0,0,0,1,0,0,1,0.18125
dft时域信道,0,0,0,0,0,1,0,0,1,0.18125
预估噪声功率,0,0,0,0,0,1,0,0,1,0.18125
有效信号,0,0,0,0,0,1,0,0,1,0.18125
突变过程,0,0,0,0,0,1,0,0,1,0.18125
尾端信号,0,0,0,0,0,1,0,0,1,0.18125
噪声区域,0,0,0,0,0,1,0,0,1,0.18125
时域采样点,0,0,0,0,0,1,0,0,1,0.18125
非整数点采样,0,0,0,0,0,1,0,0,1,0.18125
ft,0,0,0,0,0,1,0,0,1,0.18125
低频,0,0,0,0,0,1,0,0,1,0.18125
ls性能,0,0,0,0,0,1,0,0,1,0.18125
ls频域信道,0,0,0,0,0,1,0,0,1,0.18125
循环前缀长度,0,0,0,0,0,1,0,0,1,0.18125
冲击响应长度,0,0,0,0,0,1,0,0,1,0.18125
邻子载波,0,0,0,0,0,1,0,0,1,0.18125
频率选择性衰落信道,0,0,0,0,0,1,0,0,1,0.18125
相关功率,0,0,0,0,0,1,0,0,1,0.18125
相邻子载波,0,0,0,0,0,1,0,0,1,0.18125
正交性质,0,0,0,0,0,1,0,0,1,0.18125
平均信噪比,0,0,0,0,0,1,0,0,1,0.18125
幻s泌,0,0,0,0,0,1,0,0,1,0.18125
等号,0,0,0,0,0,1,0,0,1,0.18125
共粧相乘,0,0,0,0,0,1,0,0,1,0.18125
载波索引,0,0,0,0,0,1,0,0,1,0.18125
接收参考信号,0,0,0,0,0,1,0,0,1,0.18125
时延扩,0,0,0,0,0,1,0,0,1,0.18125
simo系统,0,0,0,0,0,1,0,0,1,0.18125
mimo-ofdm系统,0,0,0,0,0,1,0,0,1,0.18125
慢衰落,0,0,0,0,0,1,0,0,1,0.18125
信道衰落,0,0,0,0,0,1,0,0,1,0.18125
boumard噪声方差估,0,0,0,0,0,1,0,0,1,0.18125
中信号功率,0,0,0,0,0,1,0,0,1,0.18125
干扰信号,0,0,0,0,0,1,0,0,1,0.18125
pwsinrg,0,0,0,0,0,1,0,0,1,0.18125
梳状子载波映射,0,0,0,0,0,1,0,0,1,0.18125
域信道,0,0,0,0,0,1,0,0,1,0.18125
空闲子载波,0,0,0,0,0,1,0,0,1,0.18125
窗外噪声估计,0,0,0,0,0,1,0,0,1,0.18125
时域截断,0,0,0,0,0,1,0,0,1,0.18125
噪声功率估计,0,0,0,0,0,1,0,0,1,0.18125
srs信道,0,0,0,0,0,1,2,0,3,0.54375
调度,0,0,0,0,0,1,0,0,1,0.18125
上行资源,0,0,0,0,0,1,0,0,1,0.18125
信道估计算法,0,0,5,0,1,1,0,0,7,0.9875
lmmse,0,0,1,0,0,1,0,0,2,0.30625
ml,0,0,0,0,0,1,0,0,1,0.18125
噪声方,0,0,0,0,1,1,0,0,2,0.3625
srs信噪比,0,0,0,0,0,1,0,0,1,0.18125
lte探测参考信号,0,0,0,1,0,0,0,0,1,0.125
上行物理信道结构,0,0,0,1,0,0,0,0,1,0.125
物理层,0,0,0,1,0,0,0,0,1,0.125
时域扩频序列,0,0,0,0,1,0,0,0,1,0.18125
正交循环移位序列,0,0,0,0,1,0,0,0,1,0.18125
子载波索引,0,0,0,0,1,0,0,0,1,0.18125
符号索引,0,0,0,0,1,0,0,0,1,0.18125
用户编号,0,0,0,0,1,0,0,0,1,0.18125
pucch信号,0,0,0,0,1,0,0,0,1,0.18125
时隙扰码,0,0,0,0,1,0,0,0,1,0.18125
ucch域,0,0,0,0,1,0,0,0,1,0.18125
i?频域,0,0,0,0,1,0,0,0,1,0.18125
解资源映,0,0,0,0,1,0,0,0,1,0.18125
?fft,0,0,0,0,1,0,0,0,1,0.18125
时域信号,0,0,0,0,1,0,0,0,1,0.18125
逆向检测接收算法,0,0,0,0,1,0,0,0,1,0.18125
bpsk,0,0,0,0,1,0,0,0,1,0.18125
rt,0,0,0,0,1,0,0,0,1,0.18125
似然估计,0,0,1,0,1,0,0,0,2,0.30625
求解信道,0,0,0,0,1,0,0,0,1,0.18125
mmse信道,0,0,0,0,1,0,0,0,1,0.18125
样值插值,0,0,0,0,1,0,0,0,1,0.18125
常规解调解扰解码,0,0,0,0,1,0,0,0,1,0.18125
半盲检测接收算法,0,0,0,0,2,0,0,0,2,0.3625
pucch接收算法,0,0,0,0,1,0,0,0,1,0.18125
pucch域子载波,0,0,0,0,1,0,0,0,1,0.18125
pucch发送流程,0,0,0,0,1,0,0,0,1,0.18125
ofdm系统,0,0,3,0,0,0,0,0,3,0.375
辅助导频,0,0,2,0,0,0,0,0,2,0.25
实时性,0,0,1,0,0,0,0,0,1,0.125
通信系统,0,0,1,0,0,0,0,0,1,0.125
时域差异性去噪,0,0,1,0,0,0,0,0,1,0.125
平滑窗函数,0,0,1,0,0,0,0,0,1,0.125
vfcr算法,0,0,1,0,0,0,0,0,1,0.125
噪声方差估计,0,0,1,0,0,0,0,0,1,0.125
dft信道估计,0,0,1,0,0,0,0,0,1,0.125
去噪策略,0,0,1,0,0,0,0,0,1,0.125
载波,0,0,1,0,0,0,0,0,1,0.125
噪声方差估计算法,0,0,1,0,0,0,0,0,1,0.125
指数,0,0,1,0,0,0,0,0,1,0.125
带宽边缘,0,0,1,2,0,0,0,0,3,0.375
千扰,0,0,1,0,0,0,0,0,1,0.125
冗余,0,0,1,0,0,0,0,0,1,0.125
推优演算,0,0,1,0,0,0,0,0,1,0.125
半存检测,0,0,1,0,0,0,0,0,1,0.125
pucch控制信息,0,0,1,0,0,0,0,0,1,0.125
半盲信道,0,0,1,0,0,0,0,0,1,0.125
噪声干扰,0,0,1,0,0,0,0,0,1,0.125
状态信息,0,0,1,0,0,0,0,0,1,0.125
插值,0,0,1,0,0,0,0,0,1,0.125
mmse信道估计,0,0,1,0,0,0,0,0,1,0.125
ls信道估计,0,0,1,0,0,0,0,0,1,0.125
广义似然比检验,0,1,1,0,0,0,0,0,2,2.125
检验理论,0,0,1,0,0,0,0,0,1,0.125
全盲检测,0,0,1,0,0,0,0,0,1,0.125
检测接收算,0,0,1,0,0,0,0,0,1,0.125
lte检测接收算法,0,0,1,0,0,0,0,0,1,0.125
参数子空间,0,0,0,0,4,0,0,0,4,0.725
未知参量,0,0,0,0,4,0,0,0,4,0.725
似然比函数,0,0,0,0,4,0,0,0,4,0.725
条件概率密度函数,0,0,0,0,3,0,0,0,3,0.54375
复高斯分布,0,0,0,0,3,0,0,0,3,0.54375
方差,0,0,0,0,3,0,0,0,3,0.54375
导数,0,0,0,0,2,0,0,0,2,0.3625
未知参数,0,0,0,0,2,0,0,0,2,0.3625
概率密度,0,0,0,0,2,0,0,0,2,0.3625
参数空间,0,0,0,0,2,0,0,0,2,0.3625
二维广义似然比,0,0,0,0,2,0,0,0,2,0.3625
半盲检算法,0,0,0,0,2,0,0,0,2,0.3625
发送候选序列,0,0,0,0,2,0,0,0,2,0.3625
ar,0,0,0,0,1,0,0,0,1,0.18125
孔冬白,0,0,0,0,1,0,0,0,1,0.18125
广义似然比检测,0,0,0,0,1,0,0,0,1,0.18125
带入,0,0,0,0,1,0,0,0,1,0.18125
常数,0,0,0,0,1,0,0,0,1,0.18125
分子,0,0,0,0,1,0,0,0,1,0.18125
似然估,0,0,0,0,1,0,0,0,1,0.18125
mj,0,0,0,0,1,0,0,0,1,0.18125
条件,0,0,0,0,1,0,0,0,1,0.18125
虬尸窩,0,0,0,0,1,0,0,0,1,0.18125
际通信系统,0,0,0,0,1,0,0,0,1,0.18125
largnyn,0,0,0,0,1,0,0,0,1,0.18125
曲昂,0,0,0,0,1,0,0,0,1,0.18125
均值,0,0,0,0,1,0,0,0,1,0.18125
干扰服从,0,0,0,0,1,0,0,0,1,0.18125
随机分布函数,0,0,0,0,1,0,0,0,1,0.18125
argmax门门,0,0,0,0,1,0,0,0,1,0.18125
条件概率分布函数,0,0,0,0,1,0,0,0,1,0.18125
后验概率,0,0,0,0,1,0,0,0,1,0.18125
参量,0,0,0,0,1,0,0,0,1,0.18125
服从均值,0,0,0,0,1,0,0,0,1,0.18125
小禺,0,0,0,0,1,0,0,0,1,0.18125
format,0,0,0,0,1,0,0,0,1,0.18125
编码过程,0,0,0,0,1,0,0,0,1,0.18125
时频资源信息,0,0,0,0,1,0,0,0,1,0.18125
前端,0,0,0,0,1,0,0,0,1,0.18125
接收公式,0,0,0,0,1,0,0,0,1,0.18125
多维信号,0,0,0,0,1,0,0,0,1,0.18125
多维广义,0,0,0,0,1,0,0,0,1,0.18125
q参数,0,0,0,0,1,0,0,0,1,0.18125
supmj,0,0,0,0,1,0,0,0,1,0.18125
supp,0,0,0,0,1,0,0,0,1,0.18125
统计量,0,0,0,0,1,0,0,0,1,0.18125
接收信号样本,0,0,0,0,1,0,0,0,1,0.18125
高信噪比,0,0,0,0,1,0,0,0,1,0.18125
数据处,0,0,0,0,1,0,0,0,1,0.18125
控制符号信息,0,0,0,0,1,0,0,0,1,0.18125
参考信号信息,0,0,0,0,1,0,0,0,1,0.18125
f扰,0,0,0,0,1,0,0,0,1,0.18125
rbb,0,0,0,0,1,0,0,0,1,0.18125
频率分集增益,0,0,0,2,1,0,0,0,3,0.43125
杂度,0,0,0,0,1,0,0,0,1,0.18125
子载波映射,0,0,0,0,0,0,2,0,2,0.3625
参数计算模块,0,0,0,0,0,0,2,0,2,0.3625
单核dsp,0,0,0,0,0,0,1,0,1,0.18125
srs时序,0,0,0,0,0,0,1,0,1,0.18125
用户链路级子帧判断,0,0,0,0,0,0,1,0,1,0.18125
小区级srs子帧判断,0,0,0,0,0,0,1,0,1,0.18125
用户级子帧,0,0,0,0,0,0,1,0,1,0.18125
小区子帧判,0,0,0,0,0,0,1,0,1,0.18125
信噪比估,0,0,0,0,0,0,1,0,1,0.18125
参数计算,0,0,0,0,0,0,1,0,1,0.18125
dsp平,0,0,0,0,0,0,1,0,1,0.18125
3srs检测,0,0,0,0,0,0,1,0,1,0.18125
ycel,0,0,0,0,0,0,2,0,2,0.3625
dicptype,0,0,0,0,0,0,2,0,2,0.3625
cells,0,0,0,0,0,0,1,0,1,0.18125
上下行配比参数,0,0,0,0,0,0,1,0,1,0.18125
cellsrs,0,0,0,0,0,0,1,0,1,0.18125
小区级srs,0,0,0,0,0,0,1,0,1,0.18125
ulphycelunfb结构体,0,0,0,0,0,0,1,0,1,0.18125
srs子帧配置表,0,0,0,0,0,0,1,0,1,0.18125
srssubconfigtable,0,0,0,0,0,0,1,0,1,0.18125
子帧配置表,0,0,0,0,0,0,1,0,1,0.18125
bconfig,0,0,0,0,0,0,1,0,1,0.18125
下行循环前缀,0,0,0,0,0,0,1,0,1,0.18125
高层,0,0,0,0,0,0,1,0,1,0.18125
ycellinf,0,0,0,0,0,0,1,0,1,0.18125
frameparam,0,0,0,0,0,0,1,0,1,0.18125
小区级子帧偏移,0,0,0,0,0,0,1,0,1,0.18125
配置子帧信息,0,0,0,0,0,0,1,0,1,0.18125
小区级子帧,0,0,0,0,0,0,1,0,1,0.18125
參数计算模,0,0,0,0,0,0,1,0,1,0.18125
小区级子帧偏移判断,0,0,0,0,0,0,1,0,1,0.18125
cha,0,0,0,0,0,0,2,0,2,0.3625
fftc,0,0,0,0,0,0,2,0,2,0.3625
平均功率,0,0,0,0,0,0,2,0,2,0.3625
结构体,0,0,0,0,0,0,1,0,1,0.18125
srs测量结果,0,0,0,0,0,0,1,0,1,0.18125
phymac,0,0,0,0,0,0,1,0,1,0.18125
ac,0,0,0,0,0,0,1,0,1,0.18125
探测函数,0,0,0,0,0,0,1,0,1,0.18125
探测流程,0,0,0,0,0,0,1,0,1,0.18125
信道探测模块,0,0,0,0,0,0,1,0,1,0.18125
补零,0,0,0,0,0,0,1,0,1,0.18125
幅值缩放模式,0,0,0,0,0,0,1,0,1,0.18125
配置寄存器,0,0,0,0,0,0,1,0,1,0.18125
fft协处理器,0,0,0,0,0,0,1,0,1,0.18125
fft运算,0,0,0,0,0,0,1,0,1,0.18125
信道测量值,0,0,0,0,0,0,1,0,1,0.18125
信噪比探测,0,0,0,0,0,0,1,0,1,0.18125
噪声估计,0,0,0,0,0,0,1,0,1,0.18125
虚子载波扩展信道,0,0,0,0,0,0,1,0,1,0.18125
统计信号,0,0,0,0,0,0,1,0,1,0.18125
rs信道探测模块,0,0,0,0,0,0,1,0,1,0.18125
srs映射子载波,0,0,0,0,0,0,1,0,1,0.18125
载波位置,0,0,0,0,0,0,1,0,1,0.18125
srs映射子,0,0,0,0,0,0,1,0,1,0.18125
前期参数,0,0,0,0,0,0,1,0,1,0.18125
srs检测,0,0,0,0,0,0,1,0,1,0.18125
子载波dsp平台,0,0,0,0,0,0,1,0,1,0.18125
验证,0,0,0,0,0,0,1,0,1,0.18125
正确,0,0,0,0,0,0,1,0,1,0.18125
传输速率,0,0,0,1,0,0,0,0,1,0.125
物理信道,1,0,0,1,0,0,0,0,2,1.125
lccchmbj,0,0,0,1,0,0,0,0,1,0.125
extendedcyclicprefix,0,0,0,1,0,0,0,0,1,0.125
normalcyclicprefix,0,0,0,1,0,0,0,0,1,0.125
srs冲突,0,0,0,1,0,0,0,0,1,0.125
pucch子帧结构,0,0,0,1,0,0,0,0,1,0.125
pucch调制符号,0,0,0,1,0,0,0,0,1,0.125
编码扩频调制,0,0,0,1,0,0,0,0,1,0.125
分量,0,0,0,1,0,0,0,0,1,0.125
wsc-fdma,0,0,0,1,0,0,0,0,1,0.125
符号周期,0,0,0,1,0,0,0,0,1,0.125
sc-fmda,0,0,0,1,0,0,0,0,1,0.125
多址接入,0,0,0,1,0,0,0,0,1,0.125
扩展循环前缀,0,0,0,1,0,0,0,0,1,0.125
值集合,0,0,0,1,0,0,0,0,1,0.125
pucch解调参考信号,0,0,0,1,0,0,0,0,1,0.125
信息映射,0,0,0,1,0,0,0,0,1,0.125
模型,0,0,0,0,1,0,0,0,1,0.18125
高速,0,0,0,0,1,0,0,0,1,0.18125
检测性能仿真,0,0,0,0,1,0,0,0,1,0.18125
etudelay,0,0,0,0,1,0,0,0,1,0.18125
delay,0,0,0,0,1,0,0,0,1,0.18125
epadelay,0,0,0,0,1,0,0,0,1,0.18125
相对功率,0,0,0,0,1,0,0,0,1,0.18125
多径时延,0,0,0,0,1,0,0,0,1,0.18125
见信道模,0,0,0,0,1,0,0,0,1,0.18125
多径衰落参数,0,0,0,0,1,0,0,0,1,0.18125
etu,0,0,0,0,1,0,0,0,1,0.18125
城市信道模型,0,0,0,0,1,0,0,0,1,0.18125
典型,0,0,0,0,1,0,0,0,1,0.18125
车辆信道模型,0,0,0,0,1,0,0,0,1,0.18125
epa,0,0,0,0,1,0,0,0,1,0.18125
步行者信道模型,0,0,0,0,1,0,0,0,1,0.18125
mimo信道模型,0,0,0,0,1,0,0,0,1,0.18125
PUCCH SRS,0,1,0,0,0,0,0,0,1,2.0
DSP实现,0,1,0,0,0,0,0,0,1,2.0
模块间接口,1,0,0,0,0,0,0,0,1,1.0
pucch链路,1,0,0,0,0,0,0,0,1,1.0
vcfr信噪比,1,0,0,0,0,0,0,0,1,1.0
梳状导频信噪比,1,0,0,0,0,0,0,0,1,1.0
信道探测技术,1,0,0,0,0,0,0,0,1,1.0
pucch检测接收,1,0,0,0,0,0,0,0,1,1.0
enodeb端,1,0,0,0,0,0,0,0,1,1.0
广义似然比检测算法,1,0,0,0,0,0,0,0,1,1.0
复数乘数量,1,0,0,0,0,0,0,0,1,1.0
基站侧接收机,1,0,0,0,0,0,0,0,1,1.0
信道控制信息,1,0,0,0,0,0,0,0,1,1.0
发送格式,1,0,0,0,0,0,0,0,1,1.0
上行共享信道,1,0,0,0,0,0,0,0,1,1.0
harq-ack/,1,0,0,0,0,0,0,0,1,1.0
ue调度请求,1,0,0,0,0,0,0,0,1,1.0
信噪比信息,1,0,0,0,0,0,0,0,1,1.0
频率选择性调度,1,0,0,0,0,0,0,0,1,1.0
s320c6670,1,0,0,0,0,0,0,0,1,1.0
